mapWidth,mapHeight,scenario,planner,rows,successRate,expectedOutcomeRows,expectedOutcomeRate,rowsWithBlockedAttempt,movesMean,movesMedian,movesQ1,movesQ3,replansMean,replansMedian,replansQ1,replansQ3,foundMean,foundMedian,foundQ1,foundQ3,blockedAttemptsMean,blockedAttemptsMedian,blockedAttemptsQ1,blockedAttemptsQ3,expandedMean,expandedMedian,expandedQ1,expandedQ3,initialPlanningMsMean,initialPlanningMsMedian,initialPlanningMsQ1,initialPlanningMsQ3,replanPlanningMsMean,replanPlanningMsMedian,replanPlanningMsQ1,replanPlanningMsQ3,planningMsMean,planningMsMedian,planningMsQ1,planningMsQ3
25,25,blocker,astar,10,1.0,10,1.0,0,24.0,24.0,24.0,24.0,1.0,1.0,1.0,1.0,1.0,1.0,1.0,1.0,0.0,0.0,0.0,0.0,66.0,66.0,66.0,66.0,0.04,0.0,0.0,0.1,0.08,0.1,0.025,0.1,0.12,0.1,0.1,0.175
25,25,blocker,dstar,10,1.0,10,1.0,0,24.0,24.0,24.0,24.0,1.0,1.0,1.0,1.0,1.0,1.0,1.0,1.0,0.0,0.0,0.0,0.0,62.0,62.0,62.0,62.0,0.29,0.3,0.225,0.3,0.43,0.4,0.4,0.5,0.72,0.7,0.7,0.775
25,25,corridor,astar,10,1.0,10,1.0,0,69.0,69.0,69.0,69.0,16.0,16.0,16.0,16.0,16.0,16.0,16.0,16.0,0.0,0.0,0.0,0.0,2751.0,2751.0,2751.0,2751.0,1.06,1.0,0.9,1.175,5.92,5.75,5.475,6.15,6.98,6.85,6.625,7.2
25,25,corridor,dstar,10,1.0,10,1.0,0,77.0,77.0,77.0,77.0,20.0,20.0,20.0,20.0,20.0,20.0,20.0,20.0,0.0,0.0,0.0,0.0,596.0,596.0,596.0,596.0,4.06,3.9,3.55,4.6,3.86,3.65,3.425,4.175,7.92,8.0,7.5,8.375
25,25,detour,astar,10,1.0,10,1.0,0,62.0,62.0,62.0,62.0,19.0,19.0,19.0,19.0,19.0,19.0,19.0,19.0,0.0,0.0,0.0,0.0,1726.0,1726.0,1726.0,1726.0,0.06,0.1,0.0,0.1,3.82,3.5,3.25,4.2,3.88,3.55,3.35,4.225
25,25,detour,dstar,10,1.0,10,1.0,0,36.0,36.0,36.0,36.0,7.0,7.0,7.0,7.0,7.0,7.0,7.0,7.0,0.0,0.0,0.0,0.0,200.0,200.0,200.0,200.0,0.36,0.3,0.225,0.3,2.66,2.6,2.3,2.875,3.02,2.85,2.525,3.425
25,25,maze,astar,10,1.0,10,1.0,0,136.0,136.0,136.0,136.0,46.0,46.0,46.0,46.0,47.0,47.0,47.0,47.0,0.0,0.0,0.0,0.0,8303.0,8303.0,8303.0,8303.0,1.47,1.4,1.4,1.5,19.66,19.3,18.45,20.475,21.13,20.9,19.975,21.625
25,25,maze,dstar,10,1.0,10,1.0,0,136.0,136.0,136.0,136.0,46.0,46.0,46.0,46.0,47.0,47.0,47.0,47.0,0.0,0.0,0.0,0.0,812.0,812.0,812.0,812.0,5.75,5.8,5.25,6.2,6.33,6.2,5.85,6.775,12.08,12.2,11.65,12.75
25,25,no-route,astar,10,0.0,10,1.0,0,48.0,48.0,48.0,48.0,25.0,25.0,25.0,25.0,25.0,25.0,25.0,25.0,0.0,0.0,0.0,0.0,2741.0,2741.0,2741.0,2741.0,0.08,0.1,0.025,0.1,5.71,5.4,5.15,5.8,5.79,5.5,5.2,5.825
25,25,no-route,dstar,10,0.0,10,1.0,0,46.0,46.0,46.0,46.0,25.0,25.0,25.0,25.0,25.0,25.0,25.0,25.0,0.0,0.0,0.0,0.0,572.0,572.0,572.0,572.0,0.26,0.3,0.2,0.3,7.7,7.45,7.225,7.975,7.96,7.7,7.525,8.2
25,25,open,astar,10,1.0,10,1.0,0,42.0,42.0,42.0,42.0,0.0,0.0,0.0,0.0,0.0,0.0,0.0,0.0,0.0,0.0,0.0,0.0,482.0,482.0,482.0,482.0,1.32,1.3,1.1,1.4,0.0,0.0,0.0,0.0,1.32,1.3,1.1,1.4
25,25,open,dstar,10,1.0,10,1.0,0,42.0,42.0,42.0,42.0,0.0,0.0,0.0,0.0,0.0,0.0,0.0,0.0,0.0,0.0,0.0,0.0,483.0,483.0,483.0,483.0,5.37,5.45,5.025,5.775,0.0,0.0,0.0,0.0,5.37,5.45,5.025,5.775
25,25,seeded-high-1701,astar,10,1.0,10,1.0,0,21.0,21.0,21.0,21.0,6.0,6.0,6.0,6.0,7.0,7.0,7.0,7.0,0.0,0.0,0.0,0.0,116.0,116.0,116.0,116.0,0.11,0.1,0.025,0.1,0.22,0.2,0.125,0.2,0.33,0.3,0.2,0.3
25,25,seeded-high-1701,dstar,10,1.0,10,1.0,0,21.0,21.0,21.0,21.0,7.0,7.0,7.0,7.0,8.0,8.0,8.0,8.0,0.0,0.0,0.0,0.0,83.0,83.0,83.0,83.0,0.57,0.5,0.5,0.675,0.59,0.6,0.5,0.675,1.16,1.15,1.025,1.275
25,25,seeded-high-2718,astar,10,1.0,10,1.0,0,21.0,21.0,21.0,21.0,4.0,4.0,4.0,4.0,4.0,4.0,4.0,4.0,0.0,0.0,0.0,0.0,353.0,353.0,353.0,353.0,0.26,0.2,0.125,0.3,0.5,0.5,0.4,0.5,0.76,0.65,0.6,0.875
25,25,seeded-high-2718,dstar,10,1.0,10,1.0,0,21.0,21.0,21.0,21.0,4.0,4.0,4.0,4.0,4.0,4.0,4.0,4.0,0.0,0.0,0.0,0.0,130.0,130.0,130.0,130.0,1.01,0.85,0.8,1.225,0.54,0.5,0.5,0.6,1.55,1.3,1.3,1.775
25,25,seeded-high-3141,astar,10,1.0,10,1.0,0,44.0,44.0,44.0,44.0,21.0,21.0,21.0,21.0,21.0,21.0,21.0,21.0,0.0,0.0,0.0,0.0,553.0,553.0,553.0,553.0,0.15,0.15,0.1,0.2,0.92,0.9,0.825,0.975,1.07,1.0,1.0,1.1
25,25,seeded-high-3141,dstar,10,1.0,10,1.0,0,48.0,48.0,48.0,48.0,20.0,20.0,20.0,20.0,20.0,20.0,20.0,20.0,0.0,0.0,0.0,0.0,217.0,217.0,217.0,217.0,0.64,0.6,0.525,0.675,2.52,2.45,2.4,2.65,3.16,3.05,2.925,3.35
25,25,seeded-high-4207,astar,10,1.0,10,1.0,0,20.0,20.0,20.0,20.0,6.0,6.0,6.0,6.0,6.0,6.0,6.0,6.0,0.0,0.0,0.0,0.0,159.0,159.0,159.0,159.0,0.08,0.1,0.025,0.1,0.2,0.2,0.2,0.2,0.28,0.3,0.225,0.3
25,25,seeded-high-4207,dstar,10,1.0,10,1.0,0,20.0,20.0,20.0,20.0,6.0,6.0,6.0,6.0,6.0,6.0,6.0,6.0,0.0,0.0,0.0,0.0,66.0,66.0,66.0,66.0,0.48,0.4,0.4,0.5,0.41,0.4,0.325,0.4,0.89,0.8,0.725,1.05
25,25,seeded-high-5629,astar,10,1.0,10,1.0,0,11.0,11.0,11.0,11.0,4.0,4.0,4.0,4.0,5.0,5.0,5.0,5.0,0.0,0.0,0.0,0.0,73.0,73.0,73.0,73.0,0.05,0.05,0.0,0.1,0.08,0.1,0.025,0.1,0.13,0.1,0.1,0.2
25,25,seeded-high-5629,dstar,10,1.0,10,1.0,0,11.0,11.0,11.0,11.0,4.0,4.0,4.0,4.0,5.0,5.0,5.0,5.0,0.0,0.0,0.0,0.0,43.0,43.0,43.0,43.0,0.31,0.3,0.2,0.3,0.23,0.2,0.2,0.3,0.54,0.5,0.4,0.575
25,25,seeded-high-7001,astar,10,1.0,10,1.0,0,15.0,15.0,15.0,15.0,1.0,1.0,1.0,1.0,2.0,2.0,2.0,2.0,0.0,0.0,0.0,0.0,49.0,49.0,49.0,49.0,0.07,0.1,0.025,0.1,0.02,0.0,0.0,0.0,0.09,0.1,0.025,0.1
25,25,seeded-high-7001,dstar,10,1.0,10,1.0,0,15.0,15.0,15.0,15.0,1.0,1.0,1.0,1.0,2.0,2.0,2.0,2.0,0.0,0.0,0.0,0.0,51.0,51.0,51.0,51.0,0.58,0.5,0.5,0.6,0.02,0.0,0.0,0.0,0.6,0.55,0.5,0.675
25,25,seeded-low-1701,astar,10,1.0,10,1.0,0,15.0,15.0,15.0,15.0,1.0,1.0,1.0,1.0,2.0,2.0,2.0,2.0,0.0,0.0,0.0,0.0,64.0,64.0,64.0,64.0,0.07,0.1,0.025,0.1,0.05,0.0,0.0,0.1,0.12,0.1,0.1,0.1
25,25,seeded-low-1701,dstar,10,1.0,10,1.0,0,15.0,15.0,15.0,15.0,1.0,1.0,1.0,1.0,2.0,2.0,2.0,2.0,0.0,0.0,0.0,0.0,52.0,52.0,52.0,52.0,0.56,0.5,0.5,0.65,0.03,0.0,0.0,0.075,0.59,0.5,0.5,0.675
25,25,seeded-low-2718,astar,10,1.0,10,1.0,0,19.0,19.0,19.0,19.0,1.0,1.0,1.0,1.0,1.0,1.0,1.0,1.0,0.0,0.0,0.0,0.0,111.0,111.0,111.0,111.0,0.18,0.15,0.1,0.2,0.06,0.05,0.0,0.1,0.24,0.2,0.125,0.3
25,25,seeded-low-2718,dstar,10,1.0,10,1.0,0,19.0,19.0,19.0,19.0,1.0,1.0,1.0,1.0,1.0,1.0,1.0,1.0,0.0,0.0,0.0,0.0,91.0,91.0,91.0,91.0,0.91,0.8,0.7,1.05,0.01,0.0,0.0,0.0,0.92,0.8,0.725,1.05
25,25,seeded-low-3141,astar,10,1.0,10,1.0,0,20.0,20.0,20.0,20.0,0.0,0.0,0.0,0.0,0.0,0.0,0.0,0.0,0.0,0.0,0.0,0.0,56.0,56.0,56.0,56.0,0.14,0.1,0.1,0.175,0.0,0.0,0.0,0.0,0.14,0.1,0.1,0.175
25,25,seeded-low-3141,dstar,10,1.0,10,1.0,0,20.0,20.0,20.0,20.0,0.0,0.0,0.0,0.0,0.0,0.0,0.0,0.0,0.0,0.0,0.0,0.0,57.0,57.0,57.0,57.0,0.65,0.6,0.6,0.7,0.0,0.0,0.0,0.0,0.65,0.6,0.6,0.7
25,25,seeded-low-4207,astar,10,1.0,10,1.0,0,16.0,16.0,16.0,16.0,1.0,1.0,1.0,1.0,1.0,1.0,1.0,1.0,0.0,0.0,0.0,0.0,60.0,60.0,60.0,60.0,0.07,0.05,0.0,0.1,0.04,0.0,0.0,0.1,0.11,0.1,0.025,0.2
25,25,seeded-low-4207,dstar,10,1.0,10,1.0,0,16.0,16.0,16.0,16.0,1.0,1.0,1.0,1.0,1.0,1.0,1.0,1.0,0.0,0.0,0.0,0.0,46.0,46.0,46.0,46.0,0.48,0.4,0.4,0.5,0.09,0.1,0.0,0.1,0.57,0.45,0.4,0.6
25,25,seeded-low-5629,astar,10,1.0,10,1.0,0,9.0,9.0,9.0,9.0,1.0,1.0,1.0,1.0,2.0,2.0,2.0,2.0,0.0,0.0,0.0,0.0,46.0,46.0,46.0,46.0,0.04,0.0,0.0,0.1,0.04,0.0,0.0,0.1,0.08,0.1,0.025,0.1
25,25,seeded-low-5629,dstar,10,1.0,10,1.0,0,9.0,9.0,9.0,9.0,1.0,1.0,1.0,1.0,2.0,2.0,2.0,2.0,0.0,0.0,0.0,0.0,30.0,30.0,30.0,30.0,0.34,0.3,0.225,0.3,0.04,0.0,0.0,0.1,0.38,0.3,0.3,0.375
25,25,seeded-low-7001,astar,10,1.0,10,1.0,0,15.0,15.0,15.0,15.0,2.0,2.0,2.0,2.0,2.0,2.0,2.0,2.0,0.0,0.0,0.0,0.0,91.0,91.0,91.0,91.0,0.11,0.1,0.1,0.175,0.1,0.1,0.1,0.1,0.21,0.2,0.1,0.3
25,25,seeded-low-7001,dstar,10,1.0,10,1.0,0,15.0,15.0,15.0,15.0,2.0,2.0,2.0,2.0,2.0,2.0,2.0,2.0,0.0,0.0,0.0,0.0,53.0,53.0,53.0,53.0,0.54,0.5,0.5,0.575,0.04,0.0,0.0,0.1,0.58,0.55,0.5,0.6
25,25,seeded-medium-1701,astar,10,1.0,10,1.0,0,21.0,21.0,21.0,21.0,5.0,5.0,5.0,5.0,6.0,6.0,6.0,6.0,0.0,0.0,0.0,0.0,112.0,112.0,112.0,112.0,0.12,0.1,0.025,0.2,0.12,0.1,0.025,0.175,0.24,0.2,0.125,0.35
25,25,seeded-medium-1701,dstar,10,1.0,10,1.0,0,21.0,21.0,21.0,21.0,6.0,6.0,6.0,6.0,7.0,7.0,7.0,7.0,0.0,0.0,0.0,0.0,83.0,83.0,83.0,83.0,0.6,0.55,0.5,0.675,0.61,0.55,0.5,0.7,1.21,1.1,1.0,1.375
25,25,seeded-medium-2718,astar,10,1.0,10,1.0,0,19.0,19.0,19.0,19.0,1.0,1.0,1.0,1.0,1.0,1.0,1.0,1.0,0.0,0.0,0.0,0.0,165.0,165.0,165.0,165.0,0.23,0.2,0.125,0.3,0.2,0.1,0.1,0.3,0.43,0.4,0.225,0.6
25,25,seeded-medium-2718,dstar,10,1.0,10,1.0,0,19.0,19.0,19.0,19.0,1.0,1.0,1.0,1.0,1.0,1.0,1.0,1.0,0.0,0.0,0.0,0.0,91.0,91.0,91.0,91.0,1.08,0.95,0.725,1.35,0.07,0.1,0.025,0.1,1.15,1.0,0.825,1.45
25,25,seeded-medium-3141,astar,10,1.0,10,1.0,0,24.0,24.0,24.0,24.0,5.0,5.0,5.0,5.0,5.0,5.0,5.0,5.0,0.0,0.0,0.0,0.0,241.0,241.0,241.0,241.0,0.2,0.15,0.1,0.275,0.34,0.35,0.2,0.4,0.54,0.55,0.4,0.675
25,25,seeded-medium-3141,dstar,10,1.0,10,1.0,0,30.0,30.0,30.0,30.0,9.0,9.0,9.0,9.0,9.0,9.0,9.0,9.0,0.0,0.0,0.0,0.0,140.0,140.0,140.0,140.0,0.65,0.6,0.525,0.7,1.44,1.35,1.2,1.6,2.09,2.1,1.825,2.275
25,25,seeded-medium-4207,astar,10,1.0,10,1.0,0,18.0,18.0,18.0,18.0,3.0,3.0,3.0,3.0,3.0,3.0,3.0,3.0,0.0,0.0,0.0,0.0,102.0,102.0,102.0,102.0,0.08,0.05,0.0,0.1,0.12,0.1,0.1,0.175,0.2,0.15,0.1,0.2
25,25,seeded-medium-4207,dstar,10,1.0,10,1.0,0,18.0,18.0,18.0,18.0,3.0,3.0,3.0,3.0,3.0,3.0,3.0,3.0,0.0,0.0,0.0,0.0,56.0,56.0,56.0,56.0,0.39,0.4,0.4,0.4,0.25,0.2,0.2,0.275,0.64,0.6,0.525,0.7
25,25,seeded-medium-5629,astar,10,1.0,10,1.0,0,9.0,9.0,9.0,9.0,2.0,2.0,2.0,2.0,3.0,3.0,3.0,3.0,0.0,0.0,0.0,0.0,54.0,54.0,54.0,54.0,0.07,0.0,0.0,0.175,0.04,0.0,0.0,0.1,0.11,0.1,0.1,0.175
25,25,seeded-medium-5629,dstar,10,1.0,10,1.0,0,9.0,9.0,9.0,9.0,2.0,2.0,2.0,2.0,3.0,3.0,3.0,3.0,0.0,0.0,0.0,0.0,31.0,31.0,31.0,31.0,0.41,0.4,0.225,0.5,0.05,0.0,0.0,0.1,0.46,0.4,0.4,0.5
25,25,seeded-medium-7001,astar,10,1.0,10,1.0,0,15.0,15.0,15.0,15.0,2.0,2.0,2.0,2.0,2.0,2.0,2.0,2.0,0.0,0.0,0.0,0.0,94.0,94.0,94.0,94.0,0.1,0.1,0.0,0.2,0.11,0.1,0.1,0.1,0.21,0.2,0.125,0.3
25,25,seeded-medium-7001,dstar,10,1.0,10,1.0,0,15.0,15.0,15.0,15.0,2.0,2.0,2.0,2.0,2.0,2.0,2.0,2.0,0.0,0.0,0.0,0.0,53.0,53.0,53.0,53.0,0.53,0.5,0.5,0.6,0.05,0.05,0.0,0.1,0.58,0.6,0.5,0.675
