mapWidth,mapHeight,mapId,pairedRepeats,bothSucceeded,outcomesMatched,dstarMinusAstar_movesMedian,dstarMinusAstar_movesQ1,dstarMinusAstar_movesQ3,dstarMinusAstar_replansMedian,dstarMinusAstar_replansQ1,dstarMinusAstar_replansQ3,dstarMinusAstar_foundMedian,dstarMinusAstar_foundQ1,dstarMinusAstar_foundQ3,dstarMinusAstar_blockedAttemptsMedian,dstarMinusAstar_blockedAttemptsQ1,dstarMinusAstar_blockedAttemptsQ3,dstarMinusAstar_expandedMedian,dstarMinusAstar_expandedQ1,dstarMinusAstar_expandedQ3,dstarMinusAstar_initialPlanningMsMedian,dstarMinusAstar_initialPlanningMsQ1,dstarMinusAstar_initialPlanningMsQ3,dstarMinusAstar_replanPlanningMsMedian,dstarMinusAstar_replanPlanningMsQ1,dstarMinusAstar_replanPlanningMsQ3,dstarMinusAstar_planningMsMedian,dstarMinusAstar_planningMsQ1,dstarMinusAstar_planningMsQ3
15,15,blocker,10,10,10,0.0,0.0,0.0,0.0,0.0,0.0,0.0,0.0,0.0,0.0,0.0,0.0,1.0,1.0,1.0,0.15,0.1,0.275,0.3,0.3,0.375,0.5,0.425,0.575
15,15,corridor,10,10,10,4.0,4.0,4.0,2.0,2.0,2.0,2.0,2.0,2.0,0.0,0.0,0.0,-533.0,-533.0,-533.0,1.45,1.225,1.675,0.6,-0.075,0.85,2.15,1.375,2.375
15,15,detour,10,10,10,-16.0,-16.0,-16.0,-7.0,-7.0,-7.0,-7.0,-7.0,-7.0,0.0,0.0,0.0,-357.0,-357.0,-357.0,0.1,0.025,0.1,-0.1,-0.75,0.175,-0.05,-0.625,0.275
15,15,maze,10,10,10,0.0,0.0,0.0,0.0,0.0,0.0,0.0,0.0,0.0,0.0,0.0,0.0,-646.0,-646.0,-646.0,1.5,1.3,2.0,0.2,-0.25,0.45,1.3,1.125,2.35
15,15,no-route,10,0,10,-2.0,-2.0,-2.0,0.0,0.0,0.0,0.0,0.0,0.0,0.0,0.0,0.0,-459.0,-459.0,-459.0,0.1,0.1,0.2,1.9,1.5,2.075,2.0,1.6,2.75
15,15,open,10,10,10,0.0,0.0,0.0,0.0,0.0,0.0,0.0,0.0,0.0,0.0,0.0,0.0,1.0,1.0,1.0,1.2,1.0,1.55,0.0,0.0,0.0,1.2,1.0,1.55
15,15,seeded-high-1701,10,10,10,-2.0,-2.0,-2.0,0.0,0.0,0.0,0.0,0.0,0.0,0.0,0.0,0.0,-1102.0,-1102.0,-1102.0,0.5,0.4,0.675,1.55,1.2,2.05,2.05,1.7,2.7
15,15,seeded-high-2718,10,10,10,0.0,0.0,0.0,0.0,0.0,0.0,0.0,0.0,0.0,0.0,0.0,0.0,-30.0,-30.0,-30.0,0.1,0.1,0.1,0.1,0.025,0.1,0.2,0.125,0.2
15,15,seeded-high-3141,10,10,10,0.0,0.0,0.0,0.0,0.0,0.0,0.0,0.0,0.0,0.0,0.0,0.0,-34.0,-34.0,-34.0,0.6,0.425,0.75,0.1,0.025,0.275,0.7,0.5,0.95
15,15,seeded-high-4207,10,10,10,0.0,0.0,0.0,0.0,0.0,0.0,0.0,0.0,0.0,0.0,0.0,0.0,-31.0,-31.0,-31.0,0.2,0.2,0.275,0.0,0.0,0.075,0.2,0.2,0.375
15,15,seeded-high-5629,10,10,10,0.0,0.0,0.0,1.0,1.0,1.0,1.0,1.0,1.0,0.0,0.0,0.0,-99.0,-99.0,-99.0,0.1,0.1,0.1,0.65,0.525,0.8,0.75,0.6,0.875
15,15,seeded-high-7001,10,10,10,2.0,2.0,2.0,0.0,0.0,0.0,0.0,0.0,0.0,0.0,0.0,0.0,-62.0,-62.0,-62.0,0.2,0.125,0.3,0.3,0.3,0.375,0.5,0.5,0.675
15,15,seeded-low-1701,10,10,10,0.0,0.0,0.0,0.0,0.0,0.0,0.0,0.0,0.0,0.0,0.0,0.0,-1.0,-1.0,-1.0,0.5,0.4,0.5,0.1,0.0,0.1,0.5,0.5,0.65
15,15,seeded-low-2718,10,10,10,0.0,0.0,0.0,0.0,0.0,0.0,0.0,0.0,0.0,0.0,0.0,0.0,1.0,1.0,1.0,0.1,0.0,0.1,0.0,0.0,0.0,0.1,0.0,0.1
15,15,seeded-low-3141,10,10,10,0.0,0.0,0.0,0.0,0.0,0.0,0.0,0.0,0.0,0.0,0.0,0.0,1.0,1.0,1.0,0.45,0.4,0.65,0.0,0.0,0.0,0.45,0.4,0.65
15,15,seeded-low-4207,10,10,10,0.0,0.0,0.0,0.0,0.0,0.0,0.0,0.0,0.0,0.0,0.0,0.0,-10.0,-10.0,-10.0,0.3,0.225,0.475,0.0,0.0,0.1,0.35,0.225,0.475
15,15,seeded-low-5629,10,10,10,0.0,0.0,0.0,0.0,0.0,0.0,0.0,0.0,0.0,0.0,0.0,0.0,-1.0,-1.0,-1.0,0.1,0.1,0.1,0.0,0.0,0.0,0.1,0.1,0.175
15,15,seeded-low-7001,10,10,10,0.0,0.0,0.0,0.0,0.0,0.0,0.0,0.0,0.0,0.0,0.0,0.0,-8.0,-8.0,-8.0,0.1,0.0,0.175,0.1,0.1,0.175,0.2,0.2,0.3
15,15,seeded-medium-1701,10,10,10,0.0,0.0,0.0,2.0,2.0,2.0,2.0,2.0,2.0,0.0,0.0,0.0,-18.0,-18.0,-18.0,0.5,0.4,0.5,0.25,0.125,0.375,0.6,0.6,0.95
15,15,seeded-medium-2718,10,10,10,0.0,0.0,0.0,0.0,0.0,0.0,0.0,0.0,0.0,0.0,0.0,0.0,-30.0,-30.0,-30.0,0.05,0.0,0.175,0.2,0.125,0.275,0.25,0.2,0.375
15,15,seeded-medium-3141,10,10,10,0.0,0.0,0.0,0.0,0.0,0.0,0.0,0.0,0.0,0.0,0.0,0.0,-34.0,-34.0,-34.0,0.45,0.4,0.6,0.15,0.025,0.2,0.7,0.5,0.775
15,15,seeded-medium-4207,10,10,10,0.0,0.0,0.0,0.0,0.0,0.0,0.0,0.0,0.0,0.0,0.0,0.0,-32.0,-32.0,-32.0,0.25,0.2,0.4,0.05,-0.075,0.1,0.3,0.3,0.3
15,15,seeded-medium-5629,10,10,10,0.0,0.0,0.0,0.0,0.0,0.0,0.0,0.0,0.0,0.0,0.0,0.0,-1.0,-1.0,-1.0,0.1,0.025,0.1,0.0,0.0,0.0,0.1,0.1,0.1
15,15,seeded-medium-7001,10,10,10,16.0,16.0,16.0,3.0,3.0,3.0,3.0,3.0,3.0,0.0,0.0,0.0,-104.0,-104.0,-104.0,0.2,0.125,0.275,1.65,1.5,2.175,1.8,1.7,2.45
