batchId,mapWidth,mapHeight,mapId,repeat,astarOutcome,dstarOutcome,dstarMinusAstar_moves,dstarMinusAstar_replans,dstarMinusAstar_found,dstarMinusAstar_blockedAttempts,dstarMinusAstar_expanded,dstarMinusAstar_initialPlanningMs,dstarMinusAstar_replanPlanningMs,dstarMinusAstar_planningMs
benchmark-1791521859669,25,25,blocker,1,success,success,0.0,0.0,0.0,0.0,-4.0,0.3,0.5,0.8
benchmark-1791521859669,25,25,blocker,10,success,success,0.0,0.0,0.0,0.0,-4.0,0.3,0.3,0.6
benchmark-1791521859669,25,25,blocker,2,success,success,0.0,0.0,0.0,0.0,-4.0,0.2,0.4,0.6
benchmark-1791521859669,25,25,blocker,3,success,success,0.0,0.0,0.0,0.0,-4.0,0.2,0.4,0.6
benchmark-1791521859669,25,25,blocker,4,success,success,0.0,0.0,0.0,0.0,-4.0,0.4,0.3,0.7
benchmark-1791521859669,25,25,blocker,5,success,success,0.0,0.0,0.0,0.0,-4.0,0.2,0.4,0.6
benchmark-1791521859669,25,25,blocker,6,success,success,0.0,0.0,0.0,0.0,-4.0,0.3,0.4,0.7
benchmark-1791521859669,25,25,blocker,7,success,success,0.0,0.0,0.0,0.0,-4.0,0.1,0.3,0.4
benchmark-1791521859669,25,25,blocker,8,success,success,0.0,0.0,0.0,0.0,-4.0,0.2,0.3,0.5
benchmark-1791521859669,25,25,blocker,9,success,success,0.0,0.0,0.0,0.0,-4.0,0.3,0.2,0.5
benchmark-1791521859669,25,25,corridor,1,success,success,8.0,4.0,4.0,0.0,-2155.0,3.5,-4.2,-0.7
benchmark-1791521859669,25,25,corridor,10,success,success,8.0,4.0,4.0,0.0,-2155.0,2.3,-0.8,1.5
benchmark-1791521859669,25,25,corridor,2,success,success,8.0,4.0,4.0,0.0,-2155.0,2.5,-1.3,1.2
benchmark-1791521859669,25,25,corridor,3,success,success,8.0,4.0,4.0,0.0,-2155.0,3.7,-2.0,1.7
benchmark-1791521859669,25,25,corridor,4,success,success,8.0,4.0,4.0,0.0,-2155.0,2.9,-3.1,-0.2
benchmark-1791521859669,25,25,corridor,5,success,success,8.0,4.0,4.0,0.0,-2155.0,3.2,-1.7,1.5
benchmark-1791521859669,25,25,corridor,6,success,success,8.0,4.0,4.0,0.0,-2155.0,2.3,-1.8,0.5
benchmark-1791521859669,25,25,corridor,7,success,success,8.0,4.0,4.0,0.0,-2155.0,3.2,-2.6,0.6
benchmark-1791521859669,25,25,corridor,8,success,success,8.0,4.0,4.0,0.0,-2155.0,4.0,-2.3,1.7
benchmark-1791521859669,25,25,corridor,9,success,success,8.0,4.0,4.0,0.0,-2155.0,2.4,-0.8,1.6
benchmark-1791521859669,25,25,detour,1,success,success,-26.0,-12.0,-12.0,0.0,-1526.0,0.2,-2.3,-2.1
benchmark-1791521859669,25,25,detour,10,success,success,-26.0,-12.0,-12.0,0.0,-1526.0,0.1,-1.4,-1.3
benchmark-1791521859669,25,25,detour,2,success,success,-26.0,-12.0,-12.0,0.0,-1526.0,0.2,-1.9,-1.7
benchmark-1791521859669,25,25,detour,3,success,success,-26.0,-12.0,-12.0,0.0,-1526.0,0.6,-0.6,0.0
benchmark-1791521859669,25,25,detour,4,success,success,-26.0,-12.0,-12.0,0.0,-1526.0,0.3,-2.3,-2.0
benchmark-1791521859669,25,25,detour,5,success,success,-26.0,-12.0,-12.0,0.0,-1526.0,0.2,-0.3,-0.1
benchmark-1791521859669,25,25,detour,6,success,success,-26.0,-12.0,-12.0,0.0,-1526.0,0.3,-1.5,-1.2
benchmark-1791521859669,25,25,detour,7,success,success,-26.0,-12.0,-12.0,0.0,-1526.0,0.8,0.6,1.4
benchmark-1791521859669,25,25,detour,8,success,success,-26.0,-12.0,-12.0,0.0,-1526.0,0.1,-1.6,-1.5
benchmark-1791521859669,25,25,detour,9,success,success,-26.0,-12.0,-12.0,0.0,-1526.0,0.2,-0.3,-0.1
benchmark-1791521859669,25,25,maze,1,success,success,0.0,0.0,0.0,0.0,-7491.0,4.8,-14.5,-9.7
benchmark-1791521859669,25,25,maze,10,success,success,0.0,0.0,0.0,0.0,-7491.0,3.7,-13.2,-9.5
benchmark-1791521859669,25,25,maze,2,success,success,0.0,0.0,0.0,0.0,-7491.0,3.5,-16.4,-12.9
benchmark-1791521859669,25,25,maze,3,success,success,0.0,0.0,0.0,0.0,-7491.0,5.4,-11.2,-5.8
benchmark-1791521859669,25,25,maze,4,success,success,0.0,0.0,0.0,0.0,-7491.0,4.0,-10.7,-6.7
benchmark-1791521859669,25,25,maze,5,success,success,0.0,0.0,0.0,0.0,-7491.0,4.6,-13.9,-9.3
benchmark-1791521859669,25,25,maze,6,success,success,0.0,0.0,0.0,0.0,-7491.0,4.4,-12.0,-7.6
benchmark-1791521859669,25,25,maze,7,success,success,0.0,0.0,0.0,0.0,-7491.0,5.1,-13.9,-8.8
benchmark-1791521859669,25,25,maze,8,success,success,0.0,0.0,0.0,0.0,-7491.0,4.0,-13.3,-9.3
benchmark-1791521859669,25,25,maze,9,success,success,0.0,0.0,0.0,0.0,-7491.0,3.3,-14.2,-10.9
benchmark-1791521859669,25,25,no-route,1,no_route,no_route,-2.0,0.0,0.0,0.0,-2169.0,0.2,-0.2,0.0
benchmark-1791521859669,25,25,no-route,10,no_route,no_route,-2.0,0.0,0.0,0.0,-2169.0,0.3,2.1,2.4
benchmark-1791521859669,25,25,no-route,2,no_route,no_route,-2.0,0.0,0.0,0.0,-2169.0,0.2,4.5,4.7
benchmark-1791521859669,25,25,no-route,3,no_route,no_route,-2.0,0.0,0.0,0.0,-2169.0,0.1,-0.2,-0.1
benchmark-1791521859669,25,25,no-route,4,no_route,no_route,-2.0,0.0,0.0,0.0,-2169.0,0.1,3.3,3.4
benchmark-1791521859669,25,25,no-route,5,no_route,no_route,-2.0,0.0,0.0,0.0,-2169.0,0.2,3.6,3.8
benchmark-1791521859669,25,25,no-route,6,no_route,no_route,-2.0,0.0,0.0,0.0,-2169.0,0.3,1.4,1.7
benchmark-1791521859669,25,25,no-route,7,no_route,no_route,-2.0,0.0,0.0,0.0,-2169.0,0.2,2.0,2.2
benchmark-1791521859669,25,25,no-route,8,no_route,no_route,-2.0,0.0,0.0,0.0,-2169.0,0.0,1.0,1.0
benchmark-1791521859669,25,25,no-route,9,no_route,no_route,-2.0,0.0,0.0,0.0,-2169.0,0.2,2.4,2.6
benchmark-1791521859669,25,25,open,1,success,success,0.0,0.0,0.0,0.0,1.0,4.5,0.0,4.5
benchmark-1791521859669,25,25,open,10,success,success,0.0,0.0,0.0,0.0,1.0,4.4,0.0,4.4
benchmark-1791521859669,25,25,open,2,success,success,0.0,0.0,0.0,0.0,1.0,3.2,0.0,3.2
benchmark-1791521859669,25,25,open,3,success,success,0.0,0.0,0.0,0.0,1.0,3.3,0.0,3.3
benchmark-1791521859669,25,25,open,4,success,success,0.0,0.0,0.0,0.0,1.0,4.1,0.0,4.1
benchmark-1791521859669,25,25,open,5,success,success,0.0,0.0,0.0,0.0,1.0,4.5,0.0,4.5
benchmark-1791521859669,25,25,open,6,success,success,0.0,0.0,0.0,0.0,1.0,4.9,0.0,4.9
benchmark-1791521859669,25,25,open,7,success,success,0.0,0.0,0.0,0.0,1.0,3.3,0.0,3.3
benchmark-1791521859669,25,25,open,8,success,success,0.0,0.0,0.0,0.0,1.0,4.7,0.0,4.7
benchmark-1791521859669,25,25,open,9,success,success,0.0,0.0,0.0,0.0,1.0,3.6,0.0,3.6
benchmark-1791521859669,25,25,seeded-high-1701,1,success,success,0.0,1.0,1.0,0.0,-33.0,0.3,0.3,0.6
benchmark-1791521859669,25,25,seeded-high-1701,10,success,success,0.0,1.0,1.0,0.0,-33.0,0.4,0.0,0.4
benchmark-1791521859669,25,25,seeded-high-1701,2,success,success,0.0,1.0,1.0,0.0,-33.0,0.6,0.4,1.0
benchmark-1791521859669,25,25,seeded-high-1701,3,success,success,0.0,1.0,1.0,0.0,-33.0,0.4,0.4,0.8
benchmark-1791521859669,25,25,seeded-high-1701,4,success,success,0.0,1.0,1.0,0.0,-33.0,0.3,0.5,0.8
benchmark-1791521859669,25,25,seeded-high-1701,5,success,success,0.0,1.0,1.0,0.0,-33.0,0.7,0.3,1.0
benchmark-1791521859669,25,25,seeded-high-1701,6,success,success,0.0,1.0,1.0,0.0,-33.0,0.7,0.6,1.3
benchmark-1791521859669,25,25,seeded-high-1701,7,success,success,0.0,1.0,1.0,0.0,-33.0,0.4,0.3,0.7
benchmark-1791521859669,25,25,seeded-high-1701,8,success,success,0.0,1.0,1.0,0.0,-33.0,0.4,0.3,0.7
benchmark-1791521859669,25,25,seeded-high-1701,9,success,success,0.0,1.0,1.0,0.0,-33.0,0.4,0.6,1.0
benchmark-1791521859669,25,25,seeded-high-2718,1,success,success,0.0,0.0,0.0,0.0,-223.0,0.3,-0.4,-0.1
benchmark-1791521859669,25,25,seeded-high-2718,10,success,success,0.0,0.0,0.0,0.0,-223.0,0.6,0.1,0.7
benchmark-1791521859669,25,25,seeded-high-2718,2,success,success,0.0,0.0,0.0,0.0,-223.0,0.7,0.2,0.9
benchmark-1791521859669,25,25,seeded-high-2718,3,success,success,0.0,0.0,0.0,0.0,-223.0,0.6,-0.2,0.4
benchmark-1791521859669,25,25,seeded-high-2718,4,success,success,0.0,0.0,0.0,0.0,-223.0,1.4,0.2,1.6
benchmark-1791521859669,25,25,seeded-high-2718,5,success,success,0.0,0.0,0.0,0.0,-223.0,0.6,0.0,0.6
benchmark-1791521859669,25,25,seeded-high-2718,6,success,success,0.0,0.0,0.0,0.0,-223.0,0.7,0.1,0.8
benchmark-1791521859669,25,25,seeded-high-2718,7,success,success,0.0,0.0,0.0,0.0,-223.0,1.1,0.1,1.2
benchmark-1791521859669,25,25,seeded-high-2718,8,success,success,0.0,0.0,0.0,0.0,-223.0,0.9,0.3,1.2
benchmark-1791521859669,25,25,seeded-high-2718,9,success,success,0.0,0.0,0.0,0.0,-223.0,0.6,0.0,0.6
benchmark-1791521859669,25,25,seeded-high-3141,1,success,success,4.0,-1.0,-1.0,0.0,-336.0,0.6,1.2,1.8
benchmark-1791521859669,25,25,seeded-high-3141,10,success,success,4.0,-1.0,-1.0,0.0,-336.0,0.3,1.6,1.9
benchmark-1791521859669,25,25,seeded-high-3141,2,success,success,4.0,-1.0,-1.0,0.0,-336.0,0.4,1.5,1.9
benchmark-1791521859669,25,25,seeded-high-3141,3,success,success,4.0,-1.0,-1.0,0.0,-336.0,0.6,1.9,2.5
benchmark-1791521859669,25,25,seeded-high-3141,4,success,success,4.0,-1.0,-1.0,0.0,-336.0,0.4,1.2,1.6
benchmark-1791521859669,25,25,seeded-high-3141,5,success,success,4.0,-1.0,-1.0,0.0,-336.0,0.5,1.4,1.9
benchmark-1791521859669,25,25,seeded-high-3141,6,success,success,4.0,-1.0,-1.0,0.0,-336.0,0.9,1.8,2.7
benchmark-1791521859669,25,25,seeded-high-3141,7,success,success,4.0,-1.0,-1.0,0.0,-336.0,0.4,1.9,2.3
benchmark-1791521859669,25,25,seeded-high-3141,8,success,success,4.0,-1.0,-1.0,0.0,-336.0,0.5,1.5,2.0
benchmark-1791521859669,25,25,seeded-high-3141,9,success,success,4.0,-1.0,-1.0,0.0,-336.0,0.3,2.0,2.3
benchmark-1791521859669,25,25,seeded-high-4207,1,success,success,0.0,0.0,0.0,0.0,-93.0,0.4,0.1,0.5
benchmark-1791521859669,25,25,seeded-high-4207,10,success,success,0.0,0.0,0.0,0.0,-93.0,0.3,0.1,0.4
benchmark-1791521859669,25,25,seeded-high-4207,2,success,success,0.0,0.0,0.0,0.0,-93.0,0.7,0.2,0.9
benchmark-1791521859669,25,25,seeded-high-4207,3,success,success,0.0,0.0,0.0,0.0,-93.0,0.2,0.6,0.8
benchmark-1791521859669,25,25,seeded-high-4207,4,success,success,0.0,0.0,0.0,0.0,-93.0,0.8,0.2,1.0
benchmark-1791521859669,25,25,seeded-high-4207,5,success,success,0.0,0.0,0.0,0.0,-93.0,0.3,0.2,0.5
benchmark-1791521859669,25,25,seeded-high-4207,6,success,success,0.0,0.0,0.0,0.0,-93.0,0.5,0.1,0.6
benchmark-1791521859669,25,25,seeded-high-4207,7,success,success,0.0,0.0,0.0,0.0,-93.0,0.3,0.2,0.5
benchmark-1791521859669,25,25,seeded-high-4207,8,success,success,0.0,0.0,0.0,0.0,-93.0,0.3,0.2,0.5
benchmark-1791521859669,25,25,seeded-high-4207,9,success,success,0.0,0.0,0.0,0.0,-93.0,0.2,0.2,0.4
benchmark-1791521859669,25,25,seeded-high-5629,1,success,success,0.0,0.0,0.0,0.0,-30.0,0.3,0.1,0.4
benchmark-1791521859669,25,25,seeded-high-5629,10,success,success,0.0,0.0,0.0,0.0,-30.0,0.2,0.0,0.2
benchmark-1791521859669,25,25,seeded-high-5629,2,success,success,0.0,0.0,0.0,0.0,-30.0,0.3,0.3,0.6
benchmark-1791521859669,25,25,seeded-high-5629,3,success,success,0.0,0.0,0.0,0.0,-30.0,0.4,0.3,0.7
benchmark-1791521859669,25,25,seeded-high-5629,4,success,success,0.0,0.0,0.0,0.0,-30.0,0.1,0.2,0.3
benchmark-1791521859669,25,25,seeded-high-5629,5,success,success,0.0,0.0,0.0,0.0,-30.0,0.3,-0.1,0.2
benchmark-1791521859669,25,25,seeded-high-5629,6,success,success,0.0,0.0,0.0,0.0,-30.0,0.2,0.2,0.4
benchmark-1791521859669,25,25,seeded-high-5629,7,success,success,0.0,0.0,0.0,0.0,-30.0,0.5,0.2,0.7
benchmark-1791521859669,25,25,seeded-high-5629,8,success,success,0.0,0.0,0.0,0.0,-30.0,0.1,0.2,0.3
benchmark-1791521859669,25,25,seeded-high-5629,9,success,success,0.0,0.0,0.0,0.0,-30.0,0.2,0.1,0.3
benchmark-1791521859669,25,25,seeded-high-7001,1,success,success,0.0,0.0,0.0,0.0,2.0,0.4,-0.1,0.3
benchmark-1791521859669,25,25,seeded-high-7001,10,success,success,0.0,0.0,0.0,0.0,2.0,0.5,0.0,0.5
benchmark-1791521859669,25,25,seeded-high-7001,2,success,success,0.0,0.0,0.0,0.0,2.0,0.5,0.1,0.6
benchmark-1791521859669,25,25,seeded-high-7001,3,success,success,0.0,0.0,0.0,0.0,2.0,0.4,0.1,0.5
benchmark-1791521859669,25,25,seeded-high-7001,4,success,success,0.0,0.0,0.0,0.0,2.0,0.6,0.0,0.6
benchmark-1791521859669,25,25,seeded-high-7001,5,success,success,0.0,0.0,0.0,0.0,2.0,0.3,0.0,0.3
benchmark-1791521859669,25,25,seeded-high-7001,6,success,success,0.0,0.0,0.0,0.0,2.0,0.7,0.0,0.7
benchmark-1791521859669,25,25,seeded-high-7001,7,success,success,0.0,0.0,0.0,0.0,2.0,0.9,-0.1,0.8
benchmark-1791521859669,25,25,seeded-high-7001,8,success,success,0.0,0.0,0.0,0.0,2.0,0.4,0.0,0.4
benchmark-1791521859669,25,25,seeded-high-7001,9,success,success,0.0,0.0,0.0,0.0,2.0,0.4,0.0,0.4
benchmark-1791521859669,25,25,seeded-low-1701,1,success,success,0.0,0.0,0.0,0.0,-12.0,0.7,0.0,0.7
benchmark-1791521859669,25,25,seeded-low-1701,10,success,success,0.0,0.0,0.0,0.0,-12.0,0.4,-0.1,0.3
benchmark-1791521859669,25,25,seeded-low-1701,2,success,success,0.0,0.0,0.0,0.0,-12.0,0.4,0.0,0.4
benchmark-1791521859669,25,25,seeded-low-1701,3,success,success,0.0,0.0,0.0,0.0,-12.0,0.5,-0.1,0.4
benchmark-1791521859669,25,25,seeded-low-1701,4,success,success,0.0,0.0,0.0,0.0,-12.0,0.4,0.0,0.4
benchmark-1791521859669,25,25,seeded-low-1701,5,success,success,0.0,0.0,0.0,0.0,-12.0,0.6,-0.1,0.5
benchmark-1791521859669,25,25,seeded-low-1701,6,success,success,0.0,0.0,0.0,0.0,-12.0,0.6,0.0,0.6
benchmark-1791521859669,25,25,seeded-low-1701,7,success,success,0.0,0.0,0.0,0.0,-12.0,0.3,0.1,0.4
benchmark-1791521859669,25,25,seeded-low-1701,8,success,success,0.0,0.0,0.0,0.0,-12.0,0.5,0.0,0.5
benchmark-1791521859669,25,25,seeded-low-1701,9,success,success,0.0,0.0,0.0,0.0,-12.0,0.5,0.0,0.5
benchmark-1791521859669,25,25,seeded-low-2718,1,success,success,0.0,0.0,0.0,0.0,-20.0,1.1,-0.1,1.0
benchmark-1791521859669,25,25,seeded-low-2718,10,success,success,0.0,0.0,0.0,0.0,-20.0,0.5,-0.1,0.4
benchmark-1791521859669,25,25,seeded-low-2718,2,success,success,0.0,0.0,0.0,0.0,-20.0,0.6,-0.1,0.5
benchmark-1791521859669,25,25,seeded-low-2718,3,success,success,0.0,0.0,0.0,0.0,-20.0,0.6,0.0,0.6
benchmark-1791521859669,25,25,seeded-low-2718,4,success,success,0.0,0.0,0.0,0.0,-20.0,1.1,0.0,1.1
benchmark-1791521859669,25,25,seeded-low-2718,5,success,success,0.0,0.0,0.0,0.0,-20.0,0.5,-0.1,0.4
benchmark-1791521859669,25,25,seeded-low-2718,6,success,success,0.0,0.0,0.0,0.0,-20.0,0.6,-0.1,0.5
benchmark-1791521859669,25,25,seeded-low-2718,7,success,success,0.0,0.0,0.0,0.0,-20.0,0.5,0.0,0.5
benchmark-1791521859669,25,25,seeded-low-2718,8,success,success,0.0,0.0,0.0,0.0,-20.0,0.8,0.0,0.8
benchmark-1791521859669,25,25,seeded-low-2718,9,success,success,0.0,0.0,0.0,0.0,-20.0,1.0,0.0,1.0
benchmark-1791521859669,25,25,seeded-low-3141,1,success,success,0.0,0.0,0.0,0.0,1.0,0.6,0.0,0.6
benchmark-1791521859669,25,25,seeded-low-3141,10,success,success,0.0,0.0,0.0,0.0,1.0,0.5,0.0,0.5
benchmark-1791521859669,25,25,seeded-low-3141,2,success,success,0.0,0.0,0.0,0.0,1.0,0.5,0.0,0.5
benchmark-1791521859669,25,25,seeded-low-3141,3,success,success,0.0,0.0,0.0,0.0,1.0,0.3,0.0,0.3
benchmark-1791521859669,25,25,seeded-low-3141,4,success,success,0.0,0.0,0.0,0.0,1.0,0.2,0.0,0.2
benchmark-1791521859669,25,25,seeded-low-3141,5,success,success,0.0,0.0,0.0,0.0,1.0,0.5,0.0,0.5
benchmark-1791521859669,25,25,seeded-low-3141,6,success,success,0.0,0.0,0.0,0.0,1.0,0.7,0.0,0.7
benchmark-1791521859669,25,25,seeded-low-3141,7,success,success,0.0,0.0,0.0,0.0,1.0,0.5,0.0,0.5
benchmark-1791521859669,25,25,seeded-low-3141,8,success,success,0.0,0.0,0.0,0.0,1.0,0.6,0.0,0.6
benchmark-1791521859669,25,25,seeded-low-3141,9,success,success,0.0,0.0,0.0,0.0,1.0,0.7,0.0,0.7
benchmark-1791521859669,25,25,seeded-low-4207,1,success,success,0.0,0.0,0.0,0.0,-14.0,0.7,0.2,0.9
benchmark-1791521859669,25,25,seeded-low-4207,10,success,success,0.0,0.0,0.0,0.0,-14.0,0.1,0.1,0.2
benchmark-1791521859669,25,25,seeded-low-4207,2,success,success,0.0,0.0,0.0,0.0,-14.0,0.4,0.0,0.4
benchmark-1791521859669,25,25,seeded-low-4207,3,success,success,0.0,0.0,0.0,0.0,-14.0,0.4,0.0,0.4
benchmark-1791521859669,25,25,seeded-low-4207,4,success,success,0.0,0.0,0.0,0.0,-14.0,0.4,0.0,0.4
benchmark-1791521859669,25,25,seeded-low-4207,5,success,success,0.0,0.0,0.0,0.0,-14.0,0.4,0.0,0.4
benchmark-1791521859669,25,25,seeded-low-4207,6,success,success,0.0,0.0,0.0,0.0,-14.0,0.4,0.1,0.5
benchmark-1791521859669,25,25,seeded-low-4207,7,success,success,0.0,0.0,0.0,0.0,-14.0,0.8,0.1,0.9
benchmark-1791521859669,25,25,seeded-low-4207,8,success,success,0.0,0.0,0.0,0.0,-14.0,0.1,0.0,0.1
benchmark-1791521859669,25,25,seeded-low-4207,9,success,success,0.0,0.0,0.0,0.0,-14.0,0.4,0.0,0.4
benchmark-1791521859669,25,25,seeded-low-5629,1,success,success,0.0,0.0,0.0,0.0,-16.0,0.5,-0.1,0.4
benchmark-1791521859669,25,25,seeded-low-5629,10,success,success,0.0,0.0,0.0,0.0,-16.0,0.3,-0.1,0.2
benchmark-1791521859669,25,25,seeded-low-5629,2,success,success,0.0,0.0,0.0,0.0,-16.0,0.1,0.1,0.2
benchmark-1791521859669,25,25,seeded-low-5629,3,success,success,0.0,0.0,0.0,0.0,-16.0,0.3,0.0,0.3
benchmark-1791521859669,25,25,seeded-low-5629,4,success,success,0.0,0.0,0.0,0.0,-16.0,0.2,0.1,0.3
benchmark-1791521859669,25,25,seeded-low-5629,5,success,success,0.0,0.0,0.0,0.0,-16.0,0.3,0.0,0.3
benchmark-1791521859669,25,25,seeded-low-5629,6,success,success,0.0,0.0,0.0,0.0,-16.0,0.2,-0.1,0.1
benchmark-1791521859669,25,25,seeded-low-5629,7,success,success,0.0,0.0,0.0,0.0,-16.0,0.7,0.1,0.8
benchmark-1791521859669,25,25,seeded-low-5629,8,success,success,0.0,0.0,0.0,0.0,-16.0,0.3,0.0,0.3
benchmark-1791521859669,25,25,seeded-low-5629,9,success,success,0.0,0.0,0.0,0.0,-16.0,0.1,0.0,0.1
benchmark-1791521859669,25,25,seeded-low-7001,1,success,success,0.0,0.0,0.0,0.0,-38.0,0.7,-0.2,0.5
benchmark-1791521859669,25,25,seeded-low-7001,10,success,success,0.0,0.0,0.0,0.0,-38.0,0.4,0.0,0.4
benchmark-1791521859669,25,25,seeded-low-7001,2,success,success,0.0,0.0,0.0,0.0,-38.0,0.6,0.0,0.6
benchmark-1791521859669,25,25,seeded-low-7001,3,success,success,0.0,0.0,0.0,0.0,-38.0,0.5,-0.1,0.4
benchmark-1791521859669,25,25,seeded-low-7001,4,success,success,0.0,0.0,0.0,0.0,-38.0,0.5,0.0,0.5
benchmark-1791521859669,25,25,seeded-low-7001,5,success,success,0.0,0.0,0.0,0.0,-38.0,0.4,0.1,0.5
benchmark-1791521859669,25,25,seeded-low-7001,6,success,success,0.0,0.0,0.0,0.0,-38.0,0.4,-0.1,0.3
benchmark-1791521859669,25,25,seeded-low-7001,7,success,success,0.0,0.0,0.0,0.0,-38.0,0.2,-0.1,0.1
benchmark-1791521859669,25,25,seeded-low-7001,8,success,success,0.0,0.0,0.0,0.0,-38.0,0.4,-0.2,0.2
benchmark-1791521859669,25,25,seeded-low-7001,9,success,success,0.0,0.0,0.0,0.0,-38.0,0.2,0.0,0.2
benchmark-1791521859669,25,25,seeded-medium-1701,1,success,success,0.0,1.0,1.0,0.0,-29.0,0.3,0.6,0.9
benchmark-1791521859669,25,25,seeded-medium-1701,10,success,success,0.0,1.0,1.0,0.0,-29.0,0.4,0.2,0.6
benchmark-1791521859669,25,25,seeded-medium-1701,2,success,success,0.0,1.0,1.0,0.0,-29.0,0.5,0.6,1.1
benchmark-1791521859669,25,25,seeded-medium-1701,3,success,success,0.0,1.0,1.0,0.0,-29.0,0.7,0.7,1.4
benchmark-1791521859669,25,25,seeded-medium-1701,4,success,success,0.0,1.0,1.0,0.0,-29.0,0.5,0.3,0.8
benchmark-1791521859669,25,25,seeded-medium-1701,5,success,success,0.0,1.0,1.0,0.0,-29.0,0.8,0.5,1.3
benchmark-1791521859669,25,25,seeded-medium-1701,6,success,success,0.0,1.0,1.0,0.0,-29.0,0.7,0.6,1.3
benchmark-1791521859669,25,25,seeded-medium-1701,7,success,success,0.0,1.0,1.0,0.0,-29.0,0.3,0.5,0.8
benchmark-1791521859669,25,25,seeded-medium-1701,8,success,success,0.0,1.0,1.0,0.0,-29.0,0.4,0.4,0.8
benchmark-1791521859669,25,25,seeded-medium-1701,9,success,success,0.0,1.0,1.0,0.0,-29.0,0.2,0.5,0.7
benchmark-1791521859669,25,25,seeded-medium-2718,1,success,success,0.0,0.0,0.0,0.0,-74.0,0.9,-0.2,0.7
benchmark-1791521859669,25,25,seeded-medium-2718,10,success,success,0.0,0.0,0.0,0.0,-74.0,0.4,0.1,0.5
benchmark-1791521859669,25,25,seeded-medium-2718,2,success,success,0.0,0.0,0.0,0.0,-74.0,0.9,0.0,0.9
benchmark-1791521859669,25,25,seeded-medium-2718,3,success,success,0.0,0.0,0.0,0.0,-74.0,1.5,-0.5,1.0
benchmark-1791521859669,25,25,seeded-medium-2718,4,success,success,0.0,0.0,0.0,0.0,-74.0,0.5,-0.4,0.1
benchmark-1791521859669,25,25,seeded-medium-2718,5,success,success,0.0,0.0,0.0,0.0,-74.0,1.0,-0.2,0.8
benchmark-1791521859669,25,25,seeded-medium-2718,6,success,success,0.0,0.0,0.0,0.0,-74.0,0.7,0.0,0.7
benchmark-1791521859669,25,25,seeded-medium-2718,7,success,success,0.0,0.0,0.0,0.0,-74.0,0.6,-0.1,0.5
benchmark-1791521859669,25,25,seeded-medium-2718,8,success,success,0.0,0.0,0.0,0.0,-74.0,1.4,0.0,1.4
benchmark-1791521859669,25,25,seeded-medium-2718,9,success,success,0.0,0.0,0.0,0.0,-74.0,0.6,0.0,0.6
benchmark-1791521859669,25,25,seeded-medium-3141,1,success,success,6.0,4.0,4.0,0.0,-101.0,0.5,1.1,1.6
benchmark-1791521859669,25,25,seeded-medium-3141,10,success,success,6.0,4.0,4.0,0.0,-101.0,0.6,1.2,1.8
benchmark-1791521859669,25,25,seeded-medium-3141,2,success,success,6.0,4.0,4.0,0.0,-101.0,0.5,1.0,1.5
benchmark-1791521859669,25,25,seeded-medium-3141,3,success,success,6.0,4.0,4.0,0.0,-101.0,0.4,0.9,1.3
benchmark-1791521859669,25,25,seeded-medium-3141,4,success,success,6.0,4.0,4.0,0.0,-101.0,0.4,0.8,1.2
benchmark-1791521859669,25,25,seeded-medium-3141,5,success,success,6.0,4.0,4.0,0.0,-101.0,0.3,1.0,1.3
benchmark-1791521859669,25,25,seeded-medium-3141,6,success,success,6.0,4.0,4.0,0.0,-101.0,0.4,1.1,1.5
benchmark-1791521859669,25,25,seeded-medium-3141,7,success,success,6.0,4.0,4.0,0.0,-101.0,0.2,1.4,1.6
benchmark-1791521859669,25,25,seeded-medium-3141,8,success,success,6.0,4.0,4.0,0.0,-101.0,0.9,0.8,1.7
benchmark-1791521859669,25,25,seeded-medium-3141,9,success,success,6.0,4.0,4.0,0.0,-101.0,0.3,1.7,2.0
benchmark-1791521859669,25,25,seeded-medium-4207,1,success,success,0.0,0.0,0.0,0.0,-46.0,0.1,-0.1,0.0
benchmark-1791521859669,25,25,seeded-medium-4207,10,success,success,0.0,0.0,0.0,0.0,-46.0,0.4,0.1,0.5
benchmark-1791521859669,25,25,seeded-medium-4207,2,success,success,0.0,0.0,0.0,0.0,-46.0,0.5,0.1,0.6
benchmark-1791521859669,25,25,seeded-medium-4207,3,success,success,0.0,0.0,0.0,0.0,-46.0,0.4,-0.1,0.3
benchmark-1791521859669,25,25,seeded-medium-4207,4,success,success,0.0,0.0,0.0,0.0,-46.0,0.3,0.1,0.4
benchmark-1791521859669,25,25,seeded-medium-4207,5,success,success,0.0,0.0,0.0,0.0,-46.0,0.4,0.0,0.4
benchmark-1791521859669,25,25,seeded-medium-4207,6,success,success,0.0,0.0,0.0,0.0,-46.0,0.2,0.4,0.6
benchmark-1791521859669,25,25,seeded-medium-4207,7,success,success,0.0,0.0,0.0,0.0,-46.0,0.3,0.4,0.7
benchmark-1791521859669,25,25,seeded-medium-4207,8,success,success,0.0,0.0,0.0,0.0,-46.0,0.2,0.1,0.3
benchmark-1791521859669,25,25,seeded-medium-4207,9,success,success,0.0,0.0,0.0,0.0,-46.0,0.3,0.3,0.6
benchmark-1791521859669,25,25,seeded-medium-5629,1,success,success,0.0,0.0,0.0,0.0,-23.0,0.4,-0.1,0.3
benchmark-1791521859669,25,25,seeded-medium-5629,10,success,success,0.0,0.0,0.0,0.0,-23.0,0.2,0.0,0.2
benchmark-1791521859669,25,25,seeded-medium-5629,2,success,success,0.0,0.0,0.0,0.0,-23.0,0.5,-0.1,0.4
benchmark-1791521859669,25,25,seeded-medium-5629,3,success,success,0.0,0.0,0.0,0.0,-23.0,0.1,0.0,0.1
benchmark-1791521859669,25,25,seeded-medium-5629,4,success,success,0.0,0.0,0.0,0.0,-23.0,0.1,0.1,0.2
benchmark-1791521859669,25,25,seeded-medium-5629,5,success,success,0.0,0.0,0.0,0.0,-23.0,0.5,-0.1,0.4
benchmark-1791521859669,25,25,seeded-medium-5629,6,success,success,0.0,0.0,0.0,0.0,-23.0,0.1,0.1,0.2
benchmark-1791521859669,25,25,seeded-medium-5629,7,success,success,0.0,0.0,0.0,0.0,-23.0,0.2,0.2,0.4
benchmark-1791521859669,25,25,seeded-medium-5629,8,success,success,0.0,0.0,0.0,0.0,-23.0,0.5,0.0,0.5
benchmark-1791521859669,25,25,seeded-medium-5629,9,success,success,0.0,0.0,0.0,0.0,-23.0,0.8,0.0,0.8
benchmark-1791521859669,25,25,seeded-medium-7001,1,success,success,0.0,0.0,0.0,0.0,-41.0,0.3,-0.1,0.2
benchmark-1791521859669,25,25,seeded-medium-7001,10,success,success,0.0,0.0,0.0,0.0,-41.0,0.4,-0.1,0.3
benchmark-1791521859669,25,25,seeded-medium-7001,2,success,success,0.0,0.0,0.0,0.0,-41.0,0.4,0.0,0.4
benchmark-1791521859669,25,25,seeded-medium-7001,3,success,success,0.0,0.0,0.0,0.0,-41.0,0.6,0.0,0.6
benchmark-1791521859669,25,25,seeded-medium-7001,4,success,success,0.0,0.0,0.0,0.0,-41.0,0.4,-0.2,0.2
benchmark-1791521859669,25,25,seeded-medium-7001,5,success,success,0.0,0.0,0.0,0.0,-41.0,0.4,0.0,0.4
benchmark-1791521859669,25,25,seeded-medium-7001,6,success,success,0.0,0.0,0.0,0.0,-41.0,0.5,-0.1,0.4
benchmark-1791521859669,25,25,seeded-medium-7001,7,success,success,0.0,0.0,0.0,0.0,-41.0,0.4,0.0,0.4
benchmark-1791521859669,25,25,seeded-medium-7001,8,success,success,0.0,0.0,0.0,0.0,-41.0,0.6,0.0,0.6
benchmark-1791521859669,25,25,seeded-medium-7001,9,success,success,0.0,0.0,0.0,0.0,-41.0,0.3,-0.1,0.2
