mapWidth,mapHeight,stratum,planner,independentMaps,trials,successes,expectedNoRoute,unexpectedOutcomes,blockedAttemptRows,outcomesMatchedPairs,pairedTrials,movesMapMedian,movesMapQ1,movesMapQ3,replansMapMedian,replansMapQ1,replansMapQ3,expandedMapMedian,expandedMapQ1,expandedMapQ3,planningMsMapMedian,planningMsMapQ1,planningMsMapQ3,dstarMinusAstar_movesMapMedian,dstarMinusAstar_movesMapQ1,dstarMinusAstar_movesMapQ3,dstarMinusAstar_replansMapMedian,dstarMinusAstar_replansMapQ1,dstarMinusAstar_replansMapQ3,dstarMinusAstar_expandedMapMedian,dstarMinusAstar_expandedMapQ1,dstarMinusAstar_expandedMapQ3,dstarMinusAstar_planningMsMapMedian,dstarMinusAstar_planningMsMapQ1,dstarMinusAstar_planningMsMapQ3
25,25,fixed_reachable,astar,5,50,50,0,0,0,50,50,62.0,42.0,69.0,16.0,1.0,19.0,1726.0,482.0,2751.0,3.55,1.2999999999999998,6.85,0.0,0.0,0.0,0.0,0.0,0.0,-1526.0,-2155.0,-4.0,0.6,-1.2500000000000002,1.35
25,25,fixed_reachable,dstar,5,50,50,0,0,0,50,50,42.0,36.0,77.0,7.0,1.0,20.0,483.0,200.0,596.0,5.449999999999999,2.85,8.0,0.0,0.0,0.0,0.0,0.0,0.0,-1526.0,-2155.0,-4.0,0.6,-1.2500000000000002,1.35
25,25,no_route,astar,1,10,0,10,0,0,10,10,48.0,48.0,48.0,25.0,25.0,25.0,2741.0,2741.0,2741.0,5.5,5.5,5.5,-2.0,-2.0,-2.0,0.0,0.0,0.0,-2169.0,-2169.0,-2169.0,2.3000000000000003,2.3000000000000003,2.3000000000000003
25,25,no_route,dstar,1,10,0,10,0,0,10,10,46.0,46.0,46.0,25.0,25.0,25.0,572.0,572.0,572.0,7.7,7.7,7.7,-2.0,-2.0,-2.0,0.0,0.0,0.0,-2169.0,-2169.0,-2169.0,2.3000000000000003,2.3000000000000003,2.3000000000000003
25,25,seeded-high,astar,6,60,60,0,0,0,60,60,20.5,16.25,21.0,5.0,4.0,6.0,137.5,83.75,304.5,0.3,0.15000000000000002,0.5624999999999999,0.0,0.0,0.0,0.0,0.0,0.0,-63.0,-190.5,-30.75,0.625,0.5,0.7875000000000001
25,25,seeded-high,dstar,6,60,60,0,0,0,60,60,20.5,16.25,21.0,5.0,4.0,6.75,74.5,54.75,118.25,0.975,0.6125,1.2625000000000002,0.0,0.0,0.0,0.0,0.0,0.0,-63.0,-190.5,-30.75,0.625,0.5,0.7875000000000001
25,25,seeded-low,astar,6,60,60,0,0,0,60,60,15.5,15.0,18.25,1.0,1.0,1.0,62.0,57.0,84.25,0.1,0.1,0.17500000000000002,0.0,0.0,0.0,0.0,0.0,0.0,-15.0,-19.0,-12.5,0.42500000000000004,0.4,0.4875
25,25,seeded-low,dstar,6,60,60,0,0,0,60,60,15.5,15.0,18.25,1.0,1.0,1.0,52.5,47.5,56.0,0.525,0.4625,0.5874999999999999,0.0,0.0,0.0,0.0,0.0,0.0,-15.0,-19.0,-12.5,0.42500000000000004,0.4,0.4875
25,25,seeded-medium,astar,6,60,60,0,0,0,60,60,18.5,15.75,20.5,2.5,2.0,4.5,107.0,96.0,151.75,0.2,0.16250000000000003,0.35000000000000003,0.0,0.0,0.0,0.0,0.0,0.75,-43.5,-67.0,-32.0,0.575,0.4125,0.8125
25,25,seeded-medium,dstar,6,60,60,0,0,0,60,60,18.5,15.75,20.5,2.5,2.0,5.25,69.5,53.75,89.0,0.8,0.6,1.0750000000000002,0.0,0.0,0.0,0.0,0.0,0.75,-43.5,-67.0,-32.0,0.575,0.4125,0.8125
