batchId,mapWidth,traceId,repetitions,pairedCheckpoints,matchedObservations,outcomesMatched,routeOrOutcomeErrorsBothPlanners,dstarMinusAstar_expandedMedian,dstarMinusAstar_expandedQ1,dstarMinusAstar_expandedQ3,dstarMinusAstar_expandedDstarLowerRuns,dstarMinusAstar_expandedEqualRuns,dstarMinusAstar_expandedDstarHigherRuns,dstarMinusAstar_planningMsMedian,dstarMinusAstar_planningMsQ1,dstarMinusAstar_planningMsQ3,dstarMinusAstar_planningMsDstarLowerRuns,dstarMinusAstar_planningMsEqualRuns,dstarMinusAstar_planningMsDstarHigherRuns
replay-1791621376639,15,goal-cut-off,10,30,30,30,0,-91.0,-91.0,-91.0,10,0,0,1.55,1.2000000000000002,1.7749999999999997,0,0,10
replay-1791621376639,15,off-route-updates,10,30,30,30,0,-18.0,-18.0,-18.0,10,0,0,0.10000000000000002,0.1,0.2,1,0,9
replay-1791621376639,15,seeded-high-8301,10,30,30,30,0,-26.0,-26.0,-26.0,10,0,0,0.8,0.7,0.9000000000000001,0,0,10
replay-1791621376639,15,seeded-high-8302,10,30,30,30,0,-15.0,-15.0,-15.0,10,0,0,0.4,0.3,0.475,0,0,10
replay-1791621376639,15,seeded-high-8303,10,30,30,30,0,-5.0,-5.0,-5.0,10,0,0,0.1,0.0,0.2,0,4,6
replay-1791621376639,15,seeded-high-8304,10,30,30,30,0,-4.0,-4.0,-4.0,10,0,0,0.30000000000000004,0.22500000000000003,0.30000000000000004,0,0,10
replay-1791621376639,15,seeded-high-8305,10,30,30,30,0,-26.0,-26.0,-26.0,10,0,0,0.30000000000000004,0.29999999999999993,0.475,0,0,10
replay-1791621376639,15,seeded-high-8306,10,30,30,30,0,-8.0,-8.0,-8.0,10,0,0,0.10000000000000002,0.1,0.2,2,0,8
replay-1791621376639,15,seeded-high-8307,10,30,30,30,0,-57.0,-57.0,-57.0,10,0,0,1.05,0.825,1.375,0,0,10
replay-1791621376639,15,seeded-high-8308,10,30,30,30,0,-21.0,-21.0,-21.0,10,0,0,1.0999999999999999,0.575,1.1750000000000003,0,0,10
replay-1791621376639,15,seeded-high-8310,10,30,30,30,0,-14.0,-14.0,-14.0,10,0,0,0.30000000000000004,0.15000000000000002,0.475,0,1,9
replay-1791621376639,15,seeded-high-9318,10,30,30,30,0,-6.0,-6.0,-6.0,10,0,0,0.2,0.2,0.27499999999999997,1,1,8
replay-1791621376639,15,seeded-low-8101,10,30,30,30,0,-8.0,-8.0,-8.0,10,0,0,0.2,0.09999999999999998,0.275,0,2,8
replay-1791621376639,15,seeded-low-8102,10,30,30,30,0,-17.0,-17.0,-17.0,10,0,0,0.25,0.125,0.30000000000000004,1,0,9
replay-1791621376639,15,seeded-low-8103,10,30,30,30,0,-5.0,-5.0,-5.0,10,0,0,0.04999999999999999,0.0,0.17500000000000002,2,3,5
replay-1791621376639,15,seeded-low-8104,10,30,30,30,0,-5.0,-5.0,-5.0,10,0,0,0.15,0.1,0.2,1,1,8
replay-1791621376639,15,seeded-low-8105,10,30,30,30,0,-43.0,-43.0,-43.0,10,0,0,0.75,0.7,0.875,0,0,10
replay-1791621376639,15,seeded-low-8106,10,30,30,30,0,-41.0,-41.0,-41.0,10,0,0,0.39999999999999997,0.32499999999999996,0.47499999999999987,0,0,10
replay-1791621376639,15,seeded-low-8107,10,30,30,30,0,-17.0,-17.0,-17.0,10,0,0,0.30000000000000004,0.22500000000000003,0.37500000000000006,0,0,10
replay-1791621376639,15,seeded-low-8108,10,30,30,30,0,-4.0,-4.0,-4.0,10,0,0,0.2,0.2,0.275,0,0,10
replay-1791621376639,15,seeded-low-8109,10,30,30,30,0,-8.0,-8.0,-8.0,10,0,0,0.20000000000000004,0.05,0.30000000000000004,1,2,7
replay-1791621376639,15,seeded-low-8110,10,30,30,30,0,-16.0,-16.0,-16.0,10,0,0,0.45,0.3,0.5,0,0,10
replay-1791621376639,15,seeded-medium-8201,10,30,30,30,0,-8.0,-8.0,-8.0,10,0,0,0.2,0.1,0.2,0,1,9
replay-1791621376639,15,seeded-medium-8202,10,30,30,30,0,-56.0,-56.0,-56.0,10,0,0,1.35,0.9500000000000001,1.7000000000000002,0,0,10
replay-1791621376639,15,seeded-medium-8203,10,30,30,30,0,-14.0,-14.0,-14.0,10,0,0,0.5,0.4000000000000001,0.575,0,0,10
replay-1791621376639,15,seeded-medium-8204,10,30,30,30,0,-8.0,-8.0,-8.0,10,0,0,0.1,0.0,0.1,2,2,6
replay-1791621376639,15,seeded-medium-8205,10,30,30,30,0,-8.0,-8.0,-8.0,10,0,0,0.19999999999999998,0.125,0.275,0,1,9
replay-1791621376639,15,seeded-medium-8206,10,30,30,30,0,-6.0,-6.0,-6.0,10,0,0,0.2,0.025,0.30000000000000004,2,1,7
replay-1791621376639,15,seeded-medium-8207,10,30,30,30,0,-15.0,-15.0,-15.0,10,0,0,0.30000000000000004,0.15000000000000002,0.4,0,0,10
replay-1791621376639,15,seeded-medium-8208,10,30,30,30,0,-6.0,-6.0,-6.0,10,0,0,0.1,0.1,0.2,0,1,9
replay-1791621376639,15,seeded-medium-8209,10,30,30,30,0,-4.0,-4.0,-4.0,10,0,0,0.25,0.2,0.37500000000000006,0,0,10
replay-1791621376639,15,seeded-medium-8210,10,30,30,30,0,-51.0,-51.0,-51.0,10,0,0,0.75,0.5250000000000001,1.0250000000000001,0,0,10
replay-1791621376639,15,sequential-blockers,10,30,30,30,0,-13.0,-13.0,-13.0,10,0,0,0.39999999999999997,0.25,0.8250000000000001,0,1,9
replay-1791621376639,15,single-blocker,10,30,30,30,0,-13.0,-13.0,-13.0,10,0,0,0.45000000000000007,0.32499999999999996,0.6749999999999999,0,0,10
