batchId,mapWidth,traceId,planner,repetitions,pairedCheckpoints,matchedObservations,routeOrOutcomeErrors,expandedMedianPerTrace,expandedQ1,expandedQ3,planningMsMedianPerTrace,planningMsQ1,planningMsQ3
replay-1791621419179,25,goal-cut-off,astar,10,30,30,0,668.0,668.0,668.0,2.05,1.75,2.275
replay-1791621419179,25,goal-cut-off,dstar,10,30,30,0,392.0,392.0,392.0,6.699999999999999,6.124999999999999,9.45
replay-1791621419179,25,off-route-updates,astar,10,30,30,0,56.0,56.0,56.0,0.30000000000000004,0.22500000000000003,0.37500000000000006
replay-1791621419179,25,off-route-updates,dstar,10,30,30,0,23.0,23.0,23.0,0.55,0.5,0.7749999999999999
replay-1791621419179,25,seeded-high-8301,astar,10,30,30,0,99.0,99.0,99.0,0.4,0.30000000000000004,0.475
replay-1791621419179,25,seeded-high-8301,dstar,10,30,30,0,60.0,60.0,60.0,1.25,1.125,1.3
replay-1791621419179,25,seeded-high-8302,astar,10,30,30,0,117.0,117.0,117.0,0.4,0.30000000000000004,0.4
replay-1791621419179,25,seeded-high-8302,dstar,10,30,30,0,82.0,82.0,82.0,1.9000000000000001,1.4500000000000002,2.25
replay-1791621419179,25,seeded-high-8303,astar,10,30,30,0,34.0,34.0,34.0,0.1,0.025,0.17500000000000002
replay-1791621419179,25,seeded-high-8303,dstar,10,30,30,0,26.0,26.0,26.0,0.5,0.4,0.7
replay-1791621419179,25,seeded-high-8305,astar,10,30,30,0,59.0,59.0,59.0,0.2,0.125,0.30000000000000004
replay-1791621419179,25,seeded-high-8305,dstar,10,30,30,0,46.0,46.0,46.0,0.8,0.7249999999999999,1.1
replay-1791621419179,25,seeded-high-8306,astar,10,30,30,0,263.0,263.0,263.0,0.9,0.8,1.0750000000000002
replay-1791621419179,25,seeded-high-8306,dstar,10,30,30,0,162.0,162.0,162.0,3.25,2.6,3.7749999999999995
replay-1791621419179,25,seeded-high-8307,astar,10,30,30,0,65.0,65.0,65.0,0.2,0.125,0.30000000000000004
replay-1791621419179,25,seeded-high-8307,dstar,10,30,30,0,45.0,45.0,45.0,1.15,0.9500000000000001,1.2750000000000004
replay-1791621419179,25,seeded-high-8308,astar,10,30,30,0,43.0,43.0,43.0,0.2,0.125,0.2
replay-1791621419179,25,seeded-high-8308,dstar,10,30,30,0,30.0,30.0,30.0,0.6,0.525,0.7749999999999999
replay-1791621419179,25,seeded-high-8309,astar,10,30,30,0,75.0,75.0,75.0,0.2,0.125,0.30000000000000004
replay-1791621419179,25,seeded-high-8309,dstar,10,30,30,0,46.0,46.0,46.0,1.0499999999999998,0.925,1.2750000000000004
replay-1791621419179,25,seeded-high-8310,astar,10,30,30,0,103.0,103.0,103.0,0.30000000000000004,0.3,0.5
replay-1791621419179,25,seeded-high-8310,dstar,10,30,30,0,80.0,80.0,80.0,1.45,1.3,2.1
replay-1791621419179,25,seeded-high-9313,astar,10,30,30,0,82.0,82.0,82.0,0.35000000000000003,0.30000000000000004,0.4
replay-1791621419179,25,seeded-high-9313,dstar,10,30,30,0,53.0,53.0,53.0,1.1,0.8999999999999999,1.4000000000000001
replay-1791621419179,25,seeded-low-8101,astar,10,30,30,0,88.0,88.0,88.0,0.30000000000000004,0.2,0.37500000000000006
replay-1791621419179,25,seeded-low-8101,dstar,10,30,30,0,52.0,52.0,52.0,1.2,1.0,1.625
replay-1791621419179,25,seeded-low-8102,astar,10,30,30,0,117.0,117.0,117.0,0.4,0.32500000000000007,0.575
replay-1791621419179,25,seeded-low-8102,dstar,10,30,30,0,87.0,87.0,87.0,1.45,1.4,2.1999999999999997
replay-1791621419179,25,seeded-low-8103,astar,10,30,30,0,31.0,31.0,31.0,0.1,0.1,0.1
replay-1791621419179,25,seeded-low-8103,dstar,10,30,30,0,22.0,22.0,22.0,0.4,0.32500000000000007,0.475
replay-1791621419179,25,seeded-low-8104,astar,10,30,30,0,43.0,43.0,43.0,0.1,0.1,0.275
replay-1791621419179,25,seeded-low-8104,dstar,10,30,30,0,30.0,30.0,30.0,0.6,0.5,0.6749999999999999
replay-1791621419179,25,seeded-low-8105,astar,10,30,30,0,56.0,56.0,56.0,0.25,0.125,0.30000000000000004
replay-1791621419179,25,seeded-low-8105,dstar,10,30,30,0,37.0,37.0,37.0,0.7,0.6,0.7749999999999999
replay-1791621419179,25,seeded-low-8106,astar,10,30,30,0,257.0,257.0,257.0,0.9,0.8250000000000001,1.0750000000000002
replay-1791621419179,25,seeded-low-8106,dstar,10,30,30,0,162.0,162.0,162.0,3.05,2.925,4.05
replay-1791621419179,25,seeded-low-8107,astar,10,30,30,0,75.0,75.0,75.0,0.30000000000000004,0.22500000000000003,0.30000000000000004
replay-1791621419179,25,seeded-low-8107,dstar,10,30,30,0,46.0,46.0,46.0,1.0,0.7499999999999999,1.1750000000000003
replay-1791621419179,25,seeded-low-8108,astar,10,30,30,0,46.0,46.0,46.0,0.15000000000000002,0.1,0.2
replay-1791621419179,25,seeded-low-8108,dstar,10,30,30,0,30.0,30.0,30.0,0.5,0.5,0.5
replay-1791621419179,25,seeded-low-8109,astar,10,30,30,0,60.0,60.0,60.0,0.2,0.2,0.30000000000000004
replay-1791621419179,25,seeded-low-8109,dstar,10,30,30,0,44.0,44.0,44.0,0.8,0.8,0.975
replay-1791621419179,25,seeded-low-8110,astar,10,30,30,0,122.0,122.0,122.0,0.35000000000000003,0.30000000000000004,0.5
replay-1791621419179,25,seeded-low-8110,dstar,10,30,30,0,80.0,80.0,80.0,1.5,1.425,1.8
replay-1791621419179,25,seeded-medium-8201,astar,10,30,30,0,85.0,85.0,85.0,0.25,0.2,0.4
replay-1791621419179,25,seeded-medium-8201,dstar,10,30,30,0,62.0,62.0,62.0,1.3,1.125,1.4
replay-1791621419179,25,seeded-medium-8202,astar,10,30,30,0,124.0,124.0,124.0,0.35000000000000003,0.3,0.4
replay-1791621419179,25,seeded-medium-8202,dstar,10,30,30,0,80.0,80.0,80.0,1.55,1.425,1.8249999999999997
replay-1791621419179,25,seeded-medium-8203,astar,10,30,30,0,49.0,49.0,49.0,0.1,0.025,0.2
replay-1791621419179,25,seeded-medium-8203,dstar,10,30,30,0,43.0,43.0,43.0,0.8,0.625,0.9
replay-1791621419179,25,seeded-medium-8204,astar,10,30,30,0,42.0,42.0,42.0,0.1,0.1,0.2
replay-1791621419179,25,seeded-medium-8204,dstar,10,30,30,0,32.0,32.0,32.0,0.6,0.42500000000000004,0.9
replay-1791621419179,25,seeded-medium-8205,astar,10,30,30,0,47.0,47.0,47.0,0.2,0.1,0.2
replay-1791621419179,25,seeded-medium-8205,dstar,10,30,30,0,36.0,36.0,36.0,0.6,0.525,0.7750000000000001
replay-1791621419179,25,seeded-medium-8206,astar,10,30,30,0,257.0,257.0,257.0,0.9,0.8,0.9
replay-1791621419179,25,seeded-medium-8206,dstar,10,30,30,0,163.0,163.0,163.0,2.9,2.6750000000000003,3.075
replay-1791621419179,25,seeded-medium-8207,astar,10,30,30,0,74.0,74.0,74.0,0.25,0.125,0.30000000000000004
replay-1791621419179,25,seeded-medium-8207,dstar,10,30,30,0,47.0,47.0,47.0,0.75,0.7,0.875
replay-1791621419179,25,seeded-medium-8208,astar,10,30,30,0,49.0,49.0,49.0,0.2,0.2,0.275
replay-1791621419179,25,seeded-medium-8208,dstar,10,30,30,0,30.0,30.0,30.0,0.7,0.525,0.8500000000000001
replay-1791621419179,25,seeded-medium-8209,astar,10,30,30,0,46.0,46.0,46.0,0.25,0.1,0.30000000000000004
replay-1791621419179,25,seeded-medium-8209,dstar,10,30,30,0,32.0,32.0,32.0,0.7,0.6,0.875
replay-1791621419179,25,seeded-medium-8210,astar,10,30,30,0,115.0,115.0,115.0,0.35000000000000003,0.30000000000000004,0.475
replay-1791621419179,25,seeded-medium-8210,dstar,10,30,30,0,80.0,80.0,80.0,1.7000000000000002,1.525,1.875
replay-1791621419179,25,sequential-blockers,astar,10,30,30,0,116.0,116.0,116.0,0.4,0.30000000000000004,0.6749999999999999
replay-1791621419179,25,sequential-blockers,dstar,10,30,30,0,93.0,93.0,93.0,1.7000000000000002,1.6250000000000002,2.175
replay-1791621419179,25,single-blocker,astar,10,30,30,0,116.0,116.0,116.0,0.5,0.42500000000000004,0.575
replay-1791621419179,25,single-blocker,dstar,10,30,30,0,93.0,93.0,93.0,1.95,1.725,2.4
