timestamp,batch,scenario,planner,mapWidth,mapHeight,sensorRange,seed,requestedDensity,actualDensity,start,heading,goal,obstacleCells,obstacles,expectedOutcome,outcome,moves,replans,found,blockedAttempts,expanded,planningMs
"2026-10-09T04:27:06.566Z","benchmark","open","astar",15,15,3,"","",0,"1,12","E","13,2","[]",0,"success","success",22,0,0,0,142,1.6
"2026-10-09T04:27:06.572Z","benchmark","open","dstar",15,15,3,"","",0,"1,12","E","13,2","[]",0,"success","success",22,0,0,0,143,5.5
"2026-10-09T04:27:06.573Z","benchmark","blocker","astar",15,15,3,"","",0.0044,"1,7","E","13,7","[[7,7]]",1,"success","success",14,1,1,0,41,0.3
"2026-10-09T04:27:06.574Z","benchmark","blocker","dstar",15,15,3,"","",0.0044,"1,7","E","13,7","[[7,7]]",1,"success","success",14,1,1,0,42,1.7
"2026-10-09T04:27:06.576Z","benchmark","detour","astar",15,15,3,"","",0.0622,"1,7","E","13,7","[[7,0],[7,1],[7,2],[7,3],[7,4],[7,5],[7,6],[7,7],[7,8],[7,9],[7,10],[7,11],[7,12],[7,13]]",14,"success","success",28,8,8,0,336,1.4
"2026-10-09T04:27:06.582Z","benchmark","detour","dstar",15,15,3,"","",0.0622,"1,7","E","13,7","[[7,0],[7,1],[7,2],[7,3],[7,4],[7,5],[7,6],[7,7],[7,8],[7,9],[7,10],[7,11],[7,12],[7,13]]",14,"success","success",40,14,14,0,237,5.7
"2026-10-09T04:27:06.586Z","benchmark","corridor","astar",15,15,3,"","",0.1244,"1,12","E","13,3","[[4,0],[9,0],[4,1],[9,1],[4,2],[9,2],[4,3],[4,4],[9,4],[4,5],[9,5],[4,6],[9,6],[4,7],[9,7],[4,8],[9,8],[4,9],[9,9],[4,10],[9,10],[4,11],[9,11],[9,12],[4,13],[9,13],[4,14],[9,14]]",28,"success","success",41,10,10,0,782,3.8
"2026-10-09T04:27:06.594Z","benchmark","corridor","dstar",15,15,3,"","",0.1244,"1,12","E","13,3","[[4,0],[9,0],[4,1],[9,1],[4,2],[9,2],[4,3],[4,4],[9,4],[4,5],[9,5],[4,6],[9,6],[4,7],[9,7],[4,8],[9,8],[4,9],[9,9],[4,10],[9,10],[4,11],[9,11],[9,12],[4,13],[9,13],[4,14],[9,14]]",28,"success","success",45,12,12,0,249,8.2
"2026-10-09T04:27:06.596Z","benchmark","no-route","astar",15,15,3,"","",0.0667,"1,7","E","13,7","[[7,0],[7,1],[7,2],[7,3],[7,4],[7,5],[7,6],[7,7],[7,8],[7,9],[7,10],[7,11],[7,12],[7,13],[7,14]]",15,"no_route","no_route",28,15,15,0,726,1.9
"2026-10-09T04:27:06.603Z","benchmark","no-route","dstar",15,15,3,"","",0.0667,"1,7","E","13,7","[[7,0],[7,1],[7,2],[7,3],[7,4],[7,5],[7,6],[7,7],[7,8],[7,9],[7,10],[7,11],[7,12],[7,13],[7,14]]",15,"no_route","no_route",26,15,15,0,267,6.1
"2026-10-09T04:27:06.605Z","benchmark","seeded-low-1701","astar",15,15,3,1701,0.08,0.0711,"1,12","E","13,2","[[1,1],[4,2],[7,2],[8,4],[9,4],[1,7],[5,9],[13,10],[3,11],[7,11],[2,12],[13,12],[0,13],[8,13],[11,14],[12,14]]",16,"success","success",24,2,3,0,275,1.5
"2026-10-09T04:27:06.609Z","benchmark","seeded-low-1701","dstar",15,15,3,1701,0.08,0.0711,"1,12","E","13,2","[[1,1],[4,2],[7,2],[8,4],[9,4],[1,7],[5,9],[13,10],[3,11],[7,11],[2,12],[13,12],[0,13],[8,13],[11,14],[12,14]]",16,"success","success",24,2,3,0,162,3.8
"2026-10-09T04:27:06.610Z","benchmark","seeded-low-2718","astar",15,15,3,2718,0.08,0.0711,"1,12","E","13,2","[[2,2],[3,3],[6,4],[10,4],[13,4],[1,5],[2,5],[3,6],[7,6],[14,8],[10,9],[8,12],[5,14],[11,14],[12,14],[14,14]]",16,"success","success",24,3,3,0,340,0.8
"2026-10-09T04:27:06.614Z","benchmark","seeded-low-2718","dstar",15,15,3,2718,0.08,0.0711,"1,12","E","13,2","[[2,2],[3,3],[6,4],[10,4],[13,4],[1,5],[2,5],[3,6],[7,6],[14,8],[10,9],[8,12],[5,14],[11,14],[12,14],[14,14]]",16,"success","success",24,3,3,0,166,3.1
"2026-10-09T04:27:06.615Z","benchmark","seeded-low-3141","astar",15,15,3,3141,0.08,0.1156,"1,12","E","13,2","[[13,0],[14,0],[4,1],[12,2],[9,3],[5,4],[9,5],[12,5],[5,6],[7,6],[10,6],[10,7],[0,8],[11,8],[0,9],[3,9],[8,9],[10,9],[13,9],[3,10],[5,12],[9,12],[10,12],[14,12],[4,14],[5,14]]",26,"success","success",24,1,1,0,156,0.2
"2026-10-09T04:27:06.617Z","benchmark","seeded-low-3141","dstar",15,15,3,3141,0.08,0.1156,"1,12","E","13,2","[[13,0],[14,0],[4,1],[12,2],[9,3],[5,4],[9,5],[12,5],[5,6],[7,6],[10,6],[10,7],[0,8],[11,8],[0,9],[3,9],[8,9],[10,9],[13,9],[3,10],[5,12],[9,12],[10,12],[14,12],[4,14],[5,14]]",26,"success","success",24,1,1,0,157,2.6
"2026-10-09T04:27:06.619Z","benchmark","seeded-medium-1701","astar",15,15,3,1701,0.16,0.1689,"1,12","E","13,2","[[4,0],[6,0],[12,0],[1,1],[4,1],[9,1],[4,2],[5,2],[7,2],[10,3],[14,3],[6,4],[8,4],[9,4],[1,5],[4,6],[1,7],[6,7],[7,7],[3,8],[5,9],[9,9],[8,10],[13,10],[3,11],[4,11],[6,11],[7,11],[2,12],[7,12],[13,12],[0,13],[7,13],[8,13],[9,13],[5,14],[11,14],[12,14]]",38,"success","success",28,9,10,0,459,1.3
"2026-10-09T04:27:06.623Z","benchmark","seeded-medium-1701","dstar",15,15,3,1701,0.16,0.1689,"1,12","E","13,2","[[4,0],[6,0],[12,0],[1,1],[4,1],[9,1],[4,2],[5,2],[7,2],[10,3],[14,3],[6,4],[8,4],[9,4],[1,5],[4,6],[1,7],[6,7],[7,7],[3,8],[5,9],[9,9],[8,10],[13,10],[3,11],[4,11],[6,11],[7,11],[2,12],[7,12],[13,12],[0,13],[7,13],[8,13],[9,13],[5,14],[11,14],[12,14]]",38,"success","success",30,10,11,0,192,3.4
"2026-10-09T04:27:06.624Z","benchmark","seeded-medium-2718","astar",15,15,3,2718,0.16,0.1467,"1,12","E","13,2","[[7,0],[9,0],[2,2],[4,2],[3,3],[5,4],[6,4],[8,4],[9,4],[10,4],[13,4],[1,5],[2,5],[6,5],[9,5],[10,5],[1,6],[3,6],[7,6],[8,8],[14,8],[4,9],[6,9],[10,9],[7,12],[8,12],[12,12],[13,12],[13,13],[5,14],[11,14],[12,14],[14,14]]",33,"success","success",24,4,4,0,407,0.9
"2026-10-09T04:27:06.628Z","benchmark","seeded-medium-2718","dstar",15,15,3,2718,0.16,0.1467,"1,12","E","13,2","[[7,0],[9,0],[2,2],[4,2],[3,3],[5,4],[6,4],[8,4],[9,4],[10,4],[13,4],[1,5],[2,5],[6,5],[9,5],[10,5],[1,6],[3,6],[7,6],[8,8],[14,8],[4,9],[6,9],[10,9],[7,12],[8,12],[12,12],[13,12],[13,13],[5,14],[11,14],[12,14],[14,14]]",33,"success","success",24,4,4,0,166,3.7
"2026-10-09T04:27:06.629Z","benchmark","seeded-medium-3141","astar",15,15,3,3141,0.16,0.1956,"1,12","E","13,2","[[4,0],[13,0],[14,0],[4,1],[10,1],[11,1],[12,1],[7,2],[12,2],[9,3],[11,3],[5,4],[6,5],[9,5],[12,5],[14,5],[0,6],[5,6],[6,6],[7,6],[8,6],[10,6],[2,7],[10,7],[0,8],[11,8],[0,9],[3,9],[5,9],[8,9],[10,9],[13,9],[3,10],[9,11],[5,12],[9,12],[10,12],[14,12],[0,13],[12,13],[4,14],[5,14],[8,14],[10,14]]",44,"success","success",30,8,8,0,224,0.5
"2026-10-09T04:27:06.633Z","benchmark","seeded-medium-3141","dstar",15,15,3,3141,0.16,0.1956,"1,12","E","13,2","[[4,0],[13,0],[14,0],[4,1],[10,1],[11,1],[12,1],[7,2],[12,2],[9,3],[11,3],[5,4],[6,5],[9,5],[12,5],[14,5],[0,6],[5,6],[6,6],[7,6],[8,6],[10,6],[2,7],[10,7],[0,8],[11,8],[0,9],[3,9],[5,9],[8,9],[10,9],[13,9],[3,10],[9,11],[5,12],[9,12],[10,12],[14,12],[0,13],[12,13],[4,14],[5,14],[8,14],[10,14]]",44,"success","success",30,9,9,0,191,3.8
"2026-10-09T04:27:06.636Z","benchmark","seeded-high-1701","astar",15,15,3,1701,0.24,0.2578,"1,12","E","13,2","[[4,0],[5,0],[6,0],[12,0],[1,1],[4,1],[6,1],[7,1],[9,1],[0,2],[4,2],[5,2],[7,2],[10,3],[12,3],[14,3],[6,4],[8,4],[9,4],[11,4],[1,5],[5,5],[7,5],[2,6],[4,6],[8,6],[1,7],[4,7],[5,7],[6,7],[7,7],[9,7],[12,7],[14,7],[3,8],[6,8],[9,8],[3,9],[5,9],[7,9],[9,9],[8,10],[13,10],[3,11],[4,11],[6,11],[7,11],[2,12],[7,12],[13,12],[0,13],[7,13],[8,13],[9,13],[5,14],[10,14],[11,14],[12,14]]",58,"success","success",28,11,12,0,578,2
"2026-10-09T04:27:06.640Z","benchmark","seeded-high-1701","dstar",15,15,3,1701,0.24,0.2578,"1,12","E","13,2","[[4,0],[5,0],[6,0],[12,0],[1,1],[4,1],[6,1],[7,1],[9,1],[0,2],[4,2],[5,2],[7,2],[10,3],[12,3],[14,3],[6,4],[8,4],[9,4],[11,4],[1,5],[5,5],[7,5],[2,6],[4,6],[8,6],[1,7],[4,7],[5,7],[6,7],[7,7],[9,7],[12,7],[14,7],[3,8],[6,8],[9,8],[3,9],[5,9],[7,9],[9,9],[8,10],[13,10],[3,11],[4,11],[6,11],[7,11],[2,12],[7,12],[13,12],[0,13],[7,13],[8,13],[9,13],[5,14],[10,14],[11,14],[12,14]]",58,"success","success",30,12,13,0,187,4.3
"2026-10-09T04:27:06.643Z","benchmark","seeded-high-2718","astar",15,15,3,2718,0.24,0.2044,"1,12","E","13,2","[[7,0],[8,0],[9,0],[7,1],[2,2],[4,2],[0,3],[3,3],[9,3],[4,4],[5,4],[6,4],[8,4],[9,4],[10,4],[12,4],[13,4],[1,5],[2,5],[6,5],[9,5],[10,5],[1,6],[3,6],[7,6],[8,6],[0,7],[8,8],[14,8],[4,9],[6,9],[10,9],[7,10],[8,10],[10,10],[14,11],[3,12],[7,12],[8,12],[12,12],[13,12],[13,13],[5,14],[11,14],[12,14],[14,14]]",46,"success","success",28,11,12,0,633,2.7
"2026-10-09T04:27:06.648Z","benchmark","seeded-high-2718","dstar",15,15,3,2718,0.24,0.2044,"1,12","E","13,2","[[7,0],[8,0],[9,0],[7,1],[2,2],[4,2],[0,3],[3,3],[9,3],[4,4],[5,4],[6,4],[8,4],[9,4],[10,4],[12,4],[13,4],[1,5],[2,5],[6,5],[9,5],[10,5],[1,6],[3,6],[7,6],[8,6],[0,7],[8,8],[14,8],[4,9],[6,9],[10,9],[7,10],[8,10],[10,10],[14,11],[3,12],[7,12],[8,12],[12,12],[13,12],[13,13],[5,14],[11,14],[12,14],[14,14]]",46,"success","success",28,11,12,0,180,5.3
"2026-10-09T04:27:06.653Z","benchmark","seeded-high-3141","astar",15,15,3,3141,0.24,0.2667,"1,12","E","13,2","[[4,0],[13,0],[14,0],[4,1],[9,1],[10,1],[11,1],[12,1],[0,2],[7,2],[9,2],[12,2],[14,2],[0,3],[9,3],[11,3],[4,4],[5,4],[2,5],[6,5],[9,5],[12,5],[14,5],[0,6],[5,6],[6,6],[7,6],[8,6],[10,6],[2,7],[10,7],[0,8],[4,8],[11,8],[0,9],[1,9],[2,9],[3,9],[5,9],[7,9],[8,9],[10,9],[13,9],[2,10],[3,10],[6,10],[8,10],[9,11],[11,11],[5,12],[9,12],[10,12],[14,12],[0,13],[2,13],[12,13],[4,14],[5,14],[8,14],[10,14]]",60,"success","success",36,19,19,0,1355,4.1
"2026-10-09T04:27:06.661Z","benchmark","seeded-high-3141","dstar",15,15,3,3141,0.24,0.2667,"1,12","E","13,2","[[4,0],[13,0],[14,0],[4,1],[9,1],[10,1],[11,1],[12,1],[0,2],[7,2],[9,2],[12,2],[14,2],[0,3],[9,3],[11,3],[4,4],[5,4],[2,5],[6,5],[9,5],[12,5],[14,5],[0,6],[5,6],[6,6],[7,6],[8,6],[10,6],[2,7],[10,7],[0,8],[4,8],[11,8],[0,9],[1,9],[2,9],[3,9],[5,9],[7,9],[8,9],[10,9],[13,9],[2,10],[3,10],[6,10],[8,10],[9,11],[11,11],[5,12],[9,12],[10,12],[14,12],[0,13],[2,13],[12,13],[4,14],[5,14],[8,14],[10,14]]",60,"success","success",36,19,19,0,229,7.2